symbol	Name	Title	id	type	char_flags_txt	char_flags_txt_value	flags_txt	flags_txt_value	x	y	direction	shield	portrait	movetype	movemode	speed	int_speed	energy	energy_max	energy_med	rest	rest_count	timeout	combat_opponent	combat_str	combat_power	combat_limit	quest	quest_stage	quest1	quest2	quest3	quest4	shelter_State	shelter_X	shelter_Y	shelter_Dir	shelter_Num	shelter_Type	lstblk_x	lstblk_y	rank	army_race	army_size	army_lost	army_kill	army_flags	start_realm	start_land	sleep_time	wake_time	weapons	weapon_details	weapons_link	find_status	quest_type1	quest_type2	time	wait	flags_2_txt	flags_2_txt_value	purpose	reaction	allegiance	land	realm	qualities1_txt	qualities1_txt_value	qualities2_txt	qualities2_txt_value	xi	yi	lives	strength	armies
CH_MORKIN	Morkin	Prince	0	character	+recruit+knowledge+friendly+interest+major+control+location+watch	58443	+height+obstacle	5	8	12	NORTH	shield_32	head_58	0	-1	0	3	1440	1440	960	720	0	0	0	1024	128	128	REST	0	0	0	0	0	-1	0	0	0	-1	0	0	0	0	Free	195	0	0	43690	Midnight	Corelay	660	1140	1	0	-1	0	-1	-1	0	0		0	BE_A_HOSTAGE	RETURN_HOME	Free	0	0	+bold+tireless+reliable+gallant	204808		0	0	0	0	0	0
CH_CORLETH	Corleth	of Corelay	1	character	+recruit+knowledge+friendly+interest+control+location+watch	57419	+height+obstacle	5	145	220	NORTH	shield_32	head_79	0	-1	0	3	1440	1440	960	720	0	0	0	1024	128	128	RESCUE	0	0	7	0	0	-1	0	0	0	-1	0	0	0	0	Free	0	0	0	43690	Midnight	Corelay	360	840	1	0	-1	0	2	-1	0	0		0	RANDOMLY_WANDER	RETURN_HOME	Free	0	0	+selfless+talkative+reliable	66052		0	0	0	0	0	0
CH_ANDERLANE	Anderlane	of the Arakai	2	character		0	+height+obstacle	5	149	97	NORTH	shield_48	head_88	0	-1	0	3	1440	1440	960	720	0	0	0	1024	128	128	REST	0	0	0	0	0	-1	0	0	0	-1	0	0	0	0	Arakai	80	0	0	43690	The Last Northing	Crimson	1380	420	1	0	-1	0	-1	-1	0	0		0	DEFEND_HOMELAND	RETURN_HOME	Arakai	0	0	+brave+bold+eager+passionate+loyal+hot-tempered+a mighty warrior	1611171849	+headstrong	65536	0	0	0	0	0
CH_RORTHRON	Rorthron	the Wise	3	character	+recruit+knowledge+friendly+interest+control+location+watch	57419	+height+obstacle	5	71	57	NORTH	shield_29	head_37	0	-1	0	3	1440	1440	960	720	0	0	0	1024	128	128	REST	0	0	0	0	0	-1	0	0	0	-1	0	0	0	0	Free	0	0	0	43690	Midnight	Corelay	1380	420	1	0	-1	0	-1	-1	0	0		0	DEFEND_HOMELAND	RETURN_HOME	Free	0	0	+brave+far-sighted+quick-witted+loyal+peaceable+patient+persuasive+knowledgeable	220725507		0	0	0	0	0	0
CH_ITAR	Itar	the Green	4	character		0	+height+obstacle	5	93	137	NORTH	shield_5	head_5	0	-1	0	3	1440	1440	960	720	0	0	0	1024	128	128	REST	0	0	0	0	0	-1	0	0	0	-1	0	0	0	0	Dawn Fey	65	0	0	43690	Dawnwood	Emerthen	1380	420	1	0	-1	0	-1	-1	0	0		0	DEFEND_HOMELAND	RETURN_HOME	Dawn Fey	0	0	+far-sighted+selfless+gentle	70		0	0	0	0	0	0
CH_ARIN	Arin	Lord Blood	5	character	+recruit+knowledge+friendly+interest+control+location+watch	57419	+height+obstacle	5	145	220	NORTH	shield_56	head_67	0	-1	0	3	1440	1440	960	720	0	0	0	1024	128	128	RESCUE	0	0	7	0	0	-1	0	0	0	-1	0	0	0	0	Free	0	0	0	43690	Midnight	Corelay	360	840	1	0	-1	0	2	-1	0	0		0	RANDOMLY_WANDER	RETURN_HOME	Free	0	0	+eager+energetic+charming+hot-tempered	537139200		0	0	0	0	0	0
CH_GALAGRIM	Galagrim	of the Flame	6	character	+knowledge	2	+height+obstacle	5	236	107	NORTH	shield_36	head_86	0	-1	0	3	1440	1440	960	720	0	0	0	1024	128	128	REST	0	0	0	0	0	-1	0	0	0	-1	0	0	0	0	Dragonlord	185	0	0	43690	Arungor	Ashnar	660	1140	1	0	-1	0	-1	-1	0	0		0	DEFEND_HOMELAND	RETURN_HOME	Dragonlord	0	0	+persuasive+a superb leader	-2080374784	+headstrong+thick-skinned	536936448	0	0	0	0	0
CH_LUXOR	Luxor	the Moonprince	7	character	+recruit+knowledge+friendly+rescue+interest+control+location+watch	57435	+height+obstacle	5	145	220	NORTH	shield_32	head_49	0	-1	0	3	1440	1440	960	720	0	0	0	1024	128	128	REST	0	0	0	0	0	-1	0	0	0	-1	0	0	0	0	Free	0	0	0	43690	Midnight	Corelay	1380	420	1	0	-1	0	-1	-1	0	0		0	DEFEND_HOMELAND	RETURN_HOME	Free	0	0	+brave+bold+kind+a superb leader	-2147483623		0	0	0	0	0	0
CH_KARGRIM	Kargrim	the Cautious	8	character		0	+height+obstacle	5	239	41	NORTH	shield_28	head_9	0	-1	0	3	1440	1440	960	720	0	0	0	1024	128	128	REST	0	0	0	0	0	-1	0	0	0	-1	0	0	0	0	Dragonlord	85	0	0	43690	Arungor	Erivik	1380	420	1	0	-1	0	-1	-1	0	0		0	DEFEND_HOMELAND	RETURN_HOME	Dragonlord	0	0	+quick-witted+modest	16640	+cautious	8	0	0	0	0	0
CH_MORATHRON	Morathron	the Sorceror	9	character		0	+height+obstacle	5	191	61	NORTH	shield_58	head_10	0	-1	0	3	1440	1440	960	720	0	0	0	1024	128	128	REST	0	0	0	0	0	-1	0	0	0	-1	0	0	0	0	Arakai	75	0	0	43690	The Last Northing	Ravenfrey	660	1140	1	0	-1	0	-1	-1	0	0		0	DEFEND_HOMELAND	RETURN_HOME	Arakai	0	0	+far-sighted	2	+cold_hearted+treacherous+impatient	17301536	0	0	0	0	0
CH_GUTHRANE	Guthrane	Oakfist	10	character		0	+height+obstacle	5	157	20	NORTH	shield_12	head_11	0	-1	0	3	1440	1440	960	720	0	0	0	1024	128	128	REST	0	0	0	0	0	-1	0	0	0	-1	0	0	0	0	Arakai	65	0	0	43690	The Last Northing	Sapphire	360	840	1	0	-1	0	-1	-1	0	0		0	DEFEND_HOMELAND	RETURN_HOME	Arakai	0	0	+hot-tempered	536870912	+headstrong+impatient	16842752	0	0	0	0	0
CH_DJALINA	Djalina	Snowheart	11	character	+rescue	16	+height+obstacle+female	32773	145	220	NORTH	shield_40	head_12	0	-1	0	3	1440	1440	960	720	0	0	0	1024	128	128	REST	0	0	0	0	0	-1	0	0	0	-1	0	0	0	0	Uskarg	0	0	0	43690	The Fallows	Theodel	1080	120	1	0	-1	0	-1	-1	0	0		0	BE_A_HOSTAGE	RETURN_HOME	Uskarg	0	0	+bold+energetic+gallant	135176	+reckless	2	0	0	0	0	0
CH_GRUMRUD	Grumrud	Slowaxe	12	character		0	+height+obstacle	5	59	130	NORTH	shield_17	head_13	0	-1	0	3	1440	1440	960	720	0	0	0	1024	128	128	REST	0	0	0	0	0	-1	0	0	0	-1	0	0	0	0	Long Dwarf	75	0	0	43690	The Long Mountains	Saradwin	1380	420	1	0	-1	0	-1	-1	0	0		0	DEFEND_HOMELAND	RETURN_HOME	Long Dwarf	0	0	+bold+kind+charming	262168		0	0	0	0	0	0
CH_ASHOLETH	Asholeth	the Fey	13	character		0	+height+obstacle	5	18	159	NORTH	shield_13	head_14	0	-1	0	3	1440	1440	960	720	0	0	0	1024	128	128	REST	0	0	0	0	0	-1	0	0	0	-1	0	0	0	0	High Fey	70	0	0	43690	Wierdwood	Forgotten	660	1140	1	0	-1	0	-1	-1	0	0		0	DEFEND_HOMELAND	RETURN_HOME	High Fey	0	0	+selfless+eager+persuasive	67110916		0	0	0	0	0	0
CH_BOROTH	Boroth	the Wolfheart	14	character	+knowledge	2	+height+obstacle	5	145	220	NORTH	shield_21	head_15	0	-1	0	3	1440	1440	960	720	0	0	0	1024	128	128	REST	0	0	0	0	0	-1	0	0	0	-1	0	0	0	0	Dark Fey	10050	0	0	43690	The Marish	Maranor	360	840	1	0	-1	0	-1	-1	0	0		0	DARK_FEY	RETURN_HOME	Dark Fey	0	0	+a superb leader	-2147483648	+cruel+vicious+blood thirsty	2097232	0	0	5	0	0
CH_ILDRAR	Ildrar	the Stubborn	15	character		0	+height+obstacle	5	112	107	NORTH	shield_47	head_16	0	-1	0	3	1440	1440	960	720	0	0	0	1024	128	128	REST	0	0	0	0	0	-1	0	0	0	-1	0	0	0	0	Dawn Fey	70	0	0	43690	Dawnwood	Maralan	1080	120	1	0	-1	0	-1	-1	0	0		0	DEFEND_HOMELAND	RETURN_HOME	Dawn Fey	0	0	+charming	262144	+reckless+headstrong	65538	0	0	0	0	0
CH_MOGRIK	Mogrik	the Witless	16	character	+knowledge+rescue	18	+height+obstacle	5	145	220	NORTH	shield_7	head_17	0	-1	0	3	1440	1440	960	720	0	0	0	1024	128	128	REST	0	0	0	0	0	-1	0	0	0	-1	0	0	0	0	Kith	0	0	0	43690	The Witherlands	Erifel	1380	420	1	0	-1	0	-1	-1	0	0		0	BE_A_HOSTAGE	RETURN_HOME	Kith	0	0	+warm-hearted+home-loving	1056	+slow-witted	256	0	0	0	0	0
CH_TORGRIM	Torgrim	Arrowhand	17	character		0	+height+obstacle	5	231	40	NORTH	shield_35	head_18	0	-1	0	3	1440	1440	960	720	0	0	0	1024	128	128	REST	0	0	0	0	0	-1	0	0	0	-1	0	0	0	0	Dragonlord	75	0	0	43690	Arungor	Dragon	660	1140	1	0	-1	0	-1	-1	0	0		0	DEFEND_HOMELAND	RETURN_HOME	Dragonlord	0	0	+selfless	4	+cold_hearted+restless	1056	0	0	0	0	0
CH_UTHRAN	Uthran	the Meddler	18	character		0	+height+obstacle	5	150	247	NORTH	shield_34	head_19	0	-1	0	3	1440	1440	960	720	0	0	0	1024	128	128	REST	0	0	0	0	0	-1	0	0	0	-1	0	0	0	0	Dragonlord	0	0	0	43690	Arungor	Dragon	360	840	1	0	-1	0	-1	-1	0	0		0	DEFEND_HOMELAND	RETURN_HOME	Dragonlord	0	0	+talkative+persuasive	67109376		0	0	0	0	0	0
CH_MARIK	Marik	Silktongue	19	character		0	+height+obstacle	5	91	245	NORTH	shield_59	head_20	0	-1	0	3	1440	1440	960	720	0	0	0	1024	128	128	REST	0	0	0	0	0	-1	0	0	0	-1	0	0	0	0	Gelming	75	0	0	43690	The Gelm	Gilgrath	1080	120	1	0	-1	0	-1	-1	0	0		0	DEFEND_HOMELAND	RETURN_HOME	Gelming	0	0	+modest+persuasive+naive	335560704		0	0	0	0	0	0
CH_HARAGLAI	Haraglai	Stormgut	20	character		0	+height+obstacle	5	147	158	NORTH	shield_18	head_21	0	-1	0	3	1440	1440	960	720	0	0	0	1024	128	128	REST	0	0	0	0	0	-1	0	0	0	-1	0	0	0	0	Uskarg	80	0	0	43690	The Fallows	Skordroth	1380	420	1	0	-1	0	-1	-1	0	0		0	DEFEND_HOMELAND	RETURN_HOME	Uskarg	0	0	+talkative+hot-tempered	536871424	+reckless	2	0	0	0	0	0
CH_OGLIM	Oglim	the Lonely	21	character	+knowledge	2	+height+obstacle	5	73	115	NORTH	shield_26	head_22	0	-1	0	3	1440	1440	960	720	0	0	0	1024	128	128	REST	0	0	0	0	0	-1	0	0	0	-1	0	0	0	0	Long Dwarf	170	0	0	43690	The Long Mountains	Beomir	660	1140	1	0	-1	0	-1	-1	0	0		0	DEFEND_HOMELAND	RETURN_HOME	Long Dwarf	0	0	+brave+a mighty warrior	1073741825	+headstrong+solitary	1114112	0	0	0	0	0
CH_ALOROTH	Aloroth	the Fey	22	character	+rescue	16	+height+obstacle	5	145	220	NORTH	shield_33	head_23	0	-1	0	3	1440	1440	960	720	0	0	0	1024	128	128	REST	0	0	0	0	0	-1	0	0	0	-1	0	0	0	0	Dawn Fey	0	0	0	43690	Dawnwood	Carafel	360	840	1	0	-1	0	-1	-1	0	0		0	BE_A_HOSTAGE	RETURN_HOME	Dawn Fey	0	0	+generous+eager	2176	+impatient	16777216	0	0	0	0	0
CH_YRGRETH	Yrgreth	Deathbringer	23	character		0	+height+obstacle	5	129	155	NORTH	shield_14	head_24	0	-1	0	3	1440	1440	960	720	0	0	0	1024	128	128	REST	0	0	0	0	0	-1	0	0	0	-1	0	0	0	0	Dark Fey	450	0	0	43690	The Marish	Gliwain	1080	120	1	0	-1	0	-1	-1	0	0		0	DEFEND_HOMELAND	RETURN_HOME	Dark Fey	0	0	+quick-witted	256	+vicious+greedy	192	0	0	0	0	0
CH_STUBLOG	Stublog	Ironskull	24	character		0	+height+obstacle	5	186	191	NORTH	shield_31	head_25	0	-1	0	3	1440	1440	960	720	0	0	0	1024	128	128	REST	0	0	0	0	0	-1	0	0	0	-1	0	0	0	0	Giant	58	0	0	43690	The Delve	Grorn	1380	420	1	0	-1	0	-1	-1	0	0		0	DEFEND_HOMELAND	RETURN_HOME	Giant	0	0	+talkative+naive	268435968	+reckless	2	0	0	0	0	0
CH_ORABRIN	Orabrin	Lionsblood	25	character		0	+height+obstacle	5	19	50	NORTH	shield_16	head_26	0	-1	0	3	1440	1440	960	720	0	0	0	1024	128	128	REST	0	0	0	0	0	-1	0	0	0	-1	0	0	0	0	Kith	95	0	0	43690	The Witherlands	Eomir	660	1140	1	0	-1	0	-1	-1	0	0		0	DEFEND_HOMELAND	RETURN_HOME	Kith	0	0	+brave+gallant+knowledgeable	134348801		0	0	0	0	0	0
CH_SPARTHOR	Sparthor	the Patient	26	character		0	+height+obstacle	5	237	16	NORTH	shield_28	head_27	0	-1	0	3	1440	1440	960	720	0	0	0	1024	128	128	REST	0	0	0	0	0	-1	0	0	0	-1	0	0	0	0	Dragonlord	70	0	0	43690	Arungor	Angelf	360	840	1	0	-1	0	-1	-1	0	0		0	DEFEND_HOMELAND	RETURN_HOME	Dragonlord	0	0	+loyal+polite+patient	21495808		0	0	0	0	0	0
CH_CADRON	Cadron	the Bemused	27	character		0	+height+obstacle	5	150	247	NORTH	shield_34	head_28	0	-1	0	3	1440	1440	960	720	0	0	0	1024	128	128	REST	0	0	0	0	0	-1	0	0	0	-1	0	0	0	0	Kith	0	0	0	43690	The Witherlands	Eomir	1080	120	1	0	-1	0	-1	-1	0	0		0	DEFEND_HOMELAND	RETURN_HOME	Kith	0	0	+peaceable	2097152	+slow-witted	256	0	0	0	0	0
CH_BRUNAK	Brunak	the Wanderer	28	character		0	+height+obstacle	5	174	13	NORTH	shield_15	head_29	0	-1	0	3	1440	1440	960	720	0	0	0	1024	128	128	REST	0	0	0	0	0	-1	0	0	0	-1	0	0	0	0	Arakai	60	0	0	43690	The Last Northing	Sharmark	1380	420	1	0	-1	0	-1	-1	0	0		0	DEFEND_HOMELAND	RETURN_HOME	Arakai	0	0	+bold+eager+tireless	10248	+restless	1024	0	0	0	0	0
CH_SKARAI	Skarai	the Dreamer	29	character		0	+height+obstacle	5	149	187	NORTH	shield_25	head_30	0	-1	0	3	1440	1440	960	720	0	0	0	1024	128	128	REST	0	0	0	0	0	-1	0	0	0	-1	0	0	0	0	Uskarg	80	0	0	43690	The Fallows	Athrudan	660	1140	1	0	-1	0	-1	-1	0	0		0	DEFEND_HOMELAND	RETURN_HOME	Uskarg	0	0	+generous+passionate+peaceable	2130048		0	0	0	0	0	0
CH_RUGRAK	Rugrak	Firmaxe	30	character		0	+height+obstacle	5	147	31	NORTH	shield_17	head_31	0	-1	0	3	1440	1440	960	720	0	0	0	1024	128	128	REST	0	0	0	0	0	-1	0	0	0	-1	0	0	0	0	Long Dwarf	80	0	0	43690	The Long Mountains	Isilfrey	360	840	1	0	-1	0	-1	-1	0	0		0	DEFEND_HOMELAND	RETURN_HOME	Long Dwarf	0	0	+loyal	524288	+reckless	2	0	0	0	0	0
CH_MORGRETH	Morgreth	the Unsure	31	character		0	+height+obstacle	5	171	100	NORTH	shield_47	head_32	0	-1	0	3	1440	1440	960	720	0	0	0	1024	128	128	REST	0	0	0	0	0	-1	0	0	0	-1	0	0	0	0	Dawn Fey	60	0	0	43690	Dawnwood	Romiel	1080	120	1	0	-1	0	-1	-1	0	0		0	DEFEND_HOMELAND	RETURN_HOME	Dawn Fey	0	0	+level-headed	33554432	+cautious+tight-lipped	520	0	0	0	0	0
CH_GRALETH	Graleth	the Bitter	32	character		0	+height+obstacle	5	131	234	NORTH	shield_38	head_33	0	-1	0	3	1440	1440	960	720	0	0	0	1024	128	128	REST	0	0	0	0	0	-1	0	0	0	-1	0	0	0	0	Dark Fey	500	0	0	43690	The Marish	Ravens	1380	420	1	0	-1	0	-1	-1	0	0		0	DEFEND_HOMELAND	RETURN_HOME	Dark Fey	0	0		0	+cruel+cold_hearted+ignorant	134217776	0	0	0	0	0
CH_MUGLUM	Muglum	the Handsome	33	character		0	+height+obstacle	5	174	205	NORTH	shield_61	head_34	0	-1	0	3	1440	1440	960	720	0	0	0	1024	128	128	REST	0	0	0	0	0	-1	0	0	0	-1	0	0	0	0	Giant	65	0	0	43690	The Delve	Iron	660	1140	1	0	-1	0	-1	-1	0	0		0	DEFEND_HOMELAND	RETURN_HOME	Giant	0	0	+far-sighted	2	+arrogant+headstrong	81920	0	0	0	0	0
CH_DOROK	Dorok	the Dour	34	character		0	+height+obstacle	5	94	72	NORTH	shield_6	head_35	0	-1	0	3	1440	1440	960	720	0	0	0	1024	128	128	REST	0	0	0	0	0	-1	0	0	0	-1	0	0	0	0	Atheling	80	0	0	43690	The Lee	Cerevere	360	840	1	0	-1	0	-1	-1	0	0		0	DEFEND_HOMELAND	RETURN_HOME	Atheling	0	0	+brave+passionate	32769	+arrogant	16384	0	0	0	0	0
CH_SCIRANE	Scirane	the Swift	35	character		0	+height+obstacle	5	219	92	NORTH	shield_46	head_36	0	-1	0	3	1440	1440	960	720	0	0	0	1024	128	128	REST	0	0	0	0	0	-1	0	0	0	-1	0	0	0	0	Dragonlord	75	0	0	43690	Arungor	Cormir	1080	120	1	0	-1	0	-1	-1	0	0		0	DEFEND_HOMELAND	RETURN_HOME	Dragonlord	0	0	+energetic+gallant+hot-tempered	537006080		0	0	0	0	0	0
CH_SADLAK	Sadlak	the Merry	36	character		0	+height+obstacle	5	151	15	NORTH	shield_54	head_4	0	-1	0	3	1440	1440	960	720	0	0	0	1024	128	128	REST	0	0	0	0	0	-1	0	0	0	-1	0	0	0	0	Long Dwarf	55	0	0	43690	The Long Mountains	Erenim	1080	120	1	0	-1	0	-1	-1	0	0		0	DEFEND_HOMELAND	RETURN_HOME	Long Dwarf	0	0	+talkative+home-loving+charming	263680		0	0	0	0	0	0
CH_CORLANE	Corlane	the Bear	37	character	+knowledge	2	+height+obstacle	5	128	96	NORTH	shield_19	head_38	0	-1	0	3	1440	1440	960	720	0	0	0	1024	128	128	REST	0	0	0	0	0	-1	0	0	0	-1	0	0	0	0	Arakai	70	0	0	43690	The Last Northing	Galorbard	660	1140	1	0	-1	0	-1	-1	0	0		0	DEFEND_HOMELAND	RETURN_HOME	Arakai	0	0	+brave+generous+tireless+gallant+loyal+a mighty warrior	1074405505	+reckless	2	0	0	0	0	0
CH_MOGLAI	Moglai	Firewolf	38	character		0	+height+obstacle	5	180	172	NORTH	shield_60	head_39	0	-1	0	3	1440	1440	960	720	0	0	0	1024	128	128	REST	0	0	0	0	0	-1	0	0	0	-1	0	0	0	0	Uskarg	70	0	0	43690	The Fallows	Erilmark	360	840	1	0	-1	0	-1	-1	0	0		0	DEFEND_HOMELAND	RETURN_HOME	Uskarg	0	0	+brave+energetic	4097	+arrogant	16384	0	0	0	0	0
CH_NORGRIM	Norgrim	the Rock	39	character	+knowledge	2	+height+obstacle	5	88	162	NORTH	shield_30	head_40	0	-1	0	3	1440	1440	960	720	0	0	0	1024	128	128	REST	0	0	0	0	0	-1	0	0	0	-1	0	0	0	0	Deeping Dwarf	185	0	0	43690	The Deeping	Thunder	1080	120	1	0	-1	0	-1	-1	0	0		0	DEFEND_HOMELAND	RETURN_HOME	Deeping Dwarf	0	0	+brave+bold+hot-tempered+a mighty warrior	1610612745		0	0	0	0	0	0
CH_JARLETH	Jarleth	the Shining	40	character	+knowledge	2	+height+obstacle	5	41	153	NORTH	shield_39	head_41	0	-1	0	3	1440	1440	960	720	0	0	0	1024	128	128	REST	0	0	0	0	0	-1	0	0	0	-1	0	0	0	0	High Fey	180	0	0	43690	Wierdwood	Shimmering	1380	420	1	0	-1	0	-1	-1	0	0		0	DEFEND_HOMELAND	RETURN_HOME	High Fey	0	0	+quick-witted+knowledgeable+a superb leader	-2013265664	+cautious	8	0	0	0	0	0
CH_URSKRETH	Urskreth	the Vile	41	character		0	+height+obstacle	5	134	182	NORTH	shield_51	head_42	0	-1	0	3	1440	1440	960	720	0	0	0	1024	128	128	REST	0	0	0	0	0	-1	0	0	0	-1	0	0	0	0	Dark Fey	455	0	0	43690	The Marish	Malgor	660	1140	1	0	-1	0	-1	-1	0	0		0	DEFEND_HOMELAND	RETURN_HOME	Dark Fey	0	0		0	+arrogant+repulsive+provocative	4472832	0	0	0	0	0
CH_BORGALUG	Borgalug	Bonecrusher	42	character	+knowledge	2	+height+obstacle	5	210	212	NORTH	shield_37	head_43	0	-1	0	3	1440	1440	960	720	0	0	0	1024	128	128	REST	0	0	0	0	0	-1	0	0	0	-1	0	0	0	0	Giant	190	0	0	43690	The Delve	Skirol	360	840	1	0	-1	0	-1	-1	0	0		0	DEFEND_HOMELAND	RETURN_HOME	Giant	0	0		0	+greedy+restless+ignorant	134218880	0	0	0	0	0
CH_ARANOR	Aranor	Boldsword	43	character		0	+height+obstacle	5	130	37	NORTH	shield_6	head_44	0	-1	0	3	1440	1440	960	720	0	0	0	1024	128	128	REST	0	0	0	0	0	-1	0	0	0	-1	0	0	0	0	Atheling	90	0	0	43690	The Lee	Imildral	1080	120	1	0	-1	0	-1	-1	0	0		0	DEFEND_HOMELAND	RETURN_HOME	Atheling	0	0	+bold+quick-witted	264	+reckless	2	0	0	0	0	0
CH_MOONGRIM	Moongrim	Longneck	44	character		0	+height+obstacle	5	221	46	NORTH	shield_3	head_45	0	-1	0	3	1440	1440	960	720	0	0	0	1024	128	128	REST	0	0	0	0	0	-1	0	0	0	-1	0	0	0	0	Dragonlord	75	0	0	43690	Arungor	Rildroth	1380	420	1	0	-1	0	-1	-1	0	0		0	DEFEND_HOMELAND	RETURN_HOME	Dragonlord	0	0	+gallant	131072	+provocative+impatient	20971520	0	0	0	0	0
CH_LEONIK	Leonik	Leatherhand	45	character		0	+height+obstacle	5	150	247	NORTH	shield_34	head_46	0	-1	0	3	1440	1440	960	720	0	0	0	1024	128	128	REST	0	0	0	0	0	-1	0	0	0	-1	0	0	0	0	Deeping Dwarf	0	0	0	43690	The Deeping	Thunder	660	1140	1	0	-1	0	-1	-1	0	0		0	DEFEND_HOMELAND	RETURN_HOME	Deeping Dwarf	0	0		0	+arrogant+sceptical	268451840	0	0	0	0	0
CH_STORBOLD	Storbold	the Scribbler	46	character		0	+height+obstacle	5	207	36	NORTH	shield_19	head_47	0	-1	0	3	1440	1440	960	720	0	0	0	1024	128	128	REST	0	0	0	0	0	-1	0	0	0	-1	0	0	0	0	Arakai	55	0	0	43690	The Last Northing	Melibor	360	840	1	0	-1	0	-1	-1	0	0		0	DEFEND_HOMELAND	RETURN_HOME	Arakai	0	0	+quick-witted+reliable+loyal	590080		0	0	0	0	0	0
CH_ARBETHOR	Arbethor	Greenhand	47	character		0	+height+obstacle	5	170	88	NORTH	shield_41	head_48	0	-1	0	3	1440	1440	960	720	0	0	0	1024	128	128	REST	0	0	0	0	0	-1	0	0	0	-1	0	0	0	0	Arakai	70	0	0	43690	The Last Northing	Orcar	1080	120	1	0	-1	0	-1	-1	0	0		0	DEFEND_HOMELAND	RETURN_HOME	Arakai	0	0	+home-loving+reliable+loyal	590848		0	0	0	0	0	0
CH_AMARIN	Amarin	Starchaser	48	character	+knowledge	2	+height+obstacle	5	36	246	NORTH	shield_5	head_8	0	-1	0	3	1440	1440	960	720	0	0	0	1024	128	128	REST	0	0	0	0	0	-1	0	0	0	-1	0	0	0	0	Gelming	195	0	0	43690	The Gelm	Samarand	1080	120	1	0	-1	0	-1	-1	0	0		0	BE_A_HOSTAGE	RETURN_HOME	Gelming	0	0	+tireless+charming+persuasive+a mighty warrior	1141121024		0	0	0	0	0	0
CH_AVILA	Avila	the Cold	49	character		0	+height+obstacle+female	32773	28	123	NORTH	shield_44	head_50	0	-1	0	3	1440	1440	960	720	0	0	0	1024	128	128	REST	0	0	0	0	0	-1	0	0	0	-1	0	0	0	0	Eldrin	85	0	0	43690	Eldmark	Erilan	660	1140	1	0	-1	0	-1	-1	0	0		0	DEFEND_HOMELAND	RETURN_HOME	Eldrin	0	0	+home-loving+naive	268436480	+cold_hearted	32	0	0	0	0	0
CH_HOON	Hoon	the Warrior	50	character		0	+height+obstacle	5	15	219	NORTH	shield_50	head_51	0	-1	0	3	1440	1440	960	720	0	0	0	1024	128	128	REST	0	0	0	0	0	-1	0	0	0	-1	0	0	0	0	Gelming	65	0	0	43690	The Gelm	Geremiel	360	840	1	0	-1	0	-1	-1	0	0		0	DEFEND_HOMELAND	RETURN_HOME	Gelming	0	0	+brave+modest+loyal	540673		0	0	0	0	0	0
CH_EOTHOR	Eothor	Sparehand	51	character		0	+height+obstacle	5	105	15	NORTH	shield_49	head_52	0	-1	0	3	1440	1440	960	720	0	0	0	1024	128	128	REST	0	0	0	0	0	-1	0	0	0	-1	0	0	0	0	Atheling	70	0	0	43690	The Lee	Thumar	1080	120	1	0	-1	0	-1	-1	0	0		0	DEFEND_HOMELAND	RETURN_HOME	Atheling	0	0	+bold+kind	24	+reckless	2	0	0	0	0	0
CH_SNORGLUM	Snorglum	Bighammer	52	character		0	+height+obstacle	5	233	203	NORTH	shield_31	head_53	0	-1	0	3	1440	1440	960	720	0	0	0	1024	128	128	REST	0	0	0	0	0	-1	0	0	0	-1	0	0	0	0	Giant	60	0	0	43690	The Delve	Storms	1380	420	1	0	-1	0	-1	-1	0	0		0	DEFEND_HOMELAND	RETURN_HOME	Giant	0	0	+brave+hot-tempered	536870913	+greedy	128	0	0	0	0	0
CH_ORGROTHA	Orgrotha	the Persuader	53	character		0	+height+obstacle+female	32773	145	220	NORTH	shield_4	head_54	0	-1	0	3	1440	1440	960	720	0	0	0	1024	128	128	REST	0	0	0	0	0	-1	0	0	0	-1	0	0	0	0	Dark Fey	510	0	0	43690	The Marish	Maranor	660	1140	1	0	-1	0	-1	-1	0	0		0	DEFEND_HOMELAND	RETURN_HOME	Dark Fey	0	0	+quick-witted+persuasive	67109120	+blood thirsty	2097152	0	0	0	0	0
CH_FORTHAR	Forthar	the Hunter	54	character		0	+height+obstacle	5	119	15	NORTH	shield_49	head_55	0	-1	0	3	1440	1440	960	720	0	0	0	1024	128	128	REST	0	0	0	0	0	-1	0	0	0	-1	0	0	0	0	Atheling	85	0	0	43690	The Lee	Sharvik	360	840	1	0	-1	0	-1	-1	0	0		0	DEFEND_HOMELAND	RETURN_HOME	Atheling	0	0	+generous+eager+modest	18560		0	0	0	0	0	0
CH_JORUK	Joruk	Redfist	55	character		0	+height+obstacle	5	150	247	NORTH	shield_34	head_56	0	-1	0	3	1440	1440	960	720	0	0	0	1024	128	128	REST	0	0	0	0	0	-1	0	0	0	-1	0	0	0	0	Atheling	0	0	0	43690	The Lee	Sharvik	1080	120	1	0	-1	0	-1	-1	0	0		0	DEFEND_HOMELAND	RETURN_HOME	Atheling	0	0	+tireless+naive	268443648		0	0	0	0	0	0
CH_VAR	Var	the Swordsman	56	character		0	+height+obstacle	5	150	247	NORTH	shield_34	head_57	0	-1	0	3	1440	1440	960	720	0	0	0	1024	128	128	REST	0	0	0	0	0	-1	0	0	0	-1	0	0	0	0	Gelming	0	0	0	43690	The Gelm	Geremiel	1380	420	1	0	-1	0	-1	-1	0	0		0	DEFEND_HOMELAND	RETURN_HOME	Gelming	0	0	+hot-tempered+a mighty warrior	1610612736		0	0	0	0	0	0
CH_WYTHRAN	Wythran	the Weaver	57	character	+rescue	16	+height+obstacle	5	145	220	NORTH	shield_42	head_1	0	-1	0	3	1440	1440	960	720	0	0	0	1024	128	128	REST	0	0	0	0	0	-1	0	0	0	-1	0	0	0	0	Gelming	0	0	0	43690	The Gelm	Finfyr	1380	420	1	0	-1	0	-1	-1	0	0		0	DEFEND_HOMELAND	RETURN_HOME	Gelming	0	0	+reliable	65536	+cautious+tight-lipped	520	0	0	0	0	0
CH_CARITHILA	Carithila	Queen	58	character	+knowledge	2	+height+obstacle+female	32773	21	106	NORTH	shield_1	head_59	0	-1	0	3	1440	1440	960	720	0	0	0	1024	128	128	REST	0	0	0	0	0	-1	0	0	0	-1	0	0	0	0	Eldrin	190	0	0	43690	Eldmark	Arunvere	360	840	1	0	-1	0	-1	-1	0	0		0	DEFEND_HOMELAND	RETURN_HOME	Eldrin	0	0	+kind+knowledgeable	134217744	+cautious	8	0	0	0	0	0
CH_GARFIN	Garfin	Quicklip	59	character		0	+height+obstacle	5	150	247	NORTH	shield_34	head_60	0	-1	0	3	1440	1440	960	720	0	0	0	1024	128	128	REST	0	0	0	0	0	-1	0	0	0	-1	0	0	0	0	Eldrin	0	0	0	43690	Eldmark	Arunvere	1080	120	1	0	-1	0	-1	-1	0	0		0	DEFEND_HOMELAND	RETURN_HOME	Eldrin	0	0	+quick-witted	256	+cowardly	1	0	0	0	0	0
CH_ZENETHOR	Zenethor	the Strong	60	character	+knowledge+rescue	18	+height+obstacle	5	145	220	NORTH	shield_8	head_61	0	-1	0	3	1440	1440	960	720	0	0	0	1024	128	128	REST	0	0	0	0	0	-1	0	0	0	-1	0	0	0	0	Atheling	0	0	0	43690	The Lee	Varorn	1380	420	1	0	-1	0	-1	-1	0	0		0	BE_A_HOSTAGE	RETURN_HOME	Atheling	0	0	+brave+passionate+a mighty warrior+a superb leader	-1073709055		0	0	0	0	0	0
CH_GOTHRUM	Gothrum	the Glum	61	character		0	+height+obstacle	5	187	204	NORTH	shield_10	head_62	0	-1	0	3	1440	1440	960	720	0	0	0	1024	128	128	REST	0	0	0	0	0	-1	0	0	0	-1	0	0	0	0	Giant	65	0	0	43690	The Delve	Songs	660	1140	1	0	-1	0	-1	-1	0	0		0	DEFEND_HOMELAND	RETURN_HOME	Giant	0	0	+selfless	4	+slow-witted+solitary	1048832	0	0	0	0	0
CH_SKYRDRETH	Skyrdreth	Iceheart	62	character		0	+height+obstacle	5	119	207	NORTH	shield_20	head_63	0	-1	0	3	1440	1440	960	720	0	0	0	1024	128	128	REST	0	0	0	0	0	-1	0	0	0	-1	0	0	0	0	Dark Fey	550	0	0	43690	The Marish	Valgrorn	360	840	1	0	-1	0	-1	-1	0	0		0	DEFEND_HOMELAND	RETURN_HOME	Dark Fey	0	0		0	+cold_hearted+repulsive+blood thirsty	2359328	0	0	0	0	0
CH_LANKLIN	Lanklin	the Boaster	63	character		0	+height+obstacle	5	150	247	NORTH	shield_34	head_64	0	-1	0	3	1440	1440	960	720	0	0	0	1024	128	128	REST	0	0	0	0	0	-1	0	0	0	-1	0	0	0	0	Giant	0	0	0	43690	The Delve	Songs	1080	120	1	0	-1	0	-1	-1	0	0		0	DEFEND_HOMELAND	RETURN_HOME	Giant	0	0		0	+arrogant+passionless	49152	0	0	0	0	0
CH_HOLDAR	Holdar	Longeye	64	character		0	+height+obstacle	5	150	247	NORTH	shield_34	head_65	0	-1	0	3	1440	1440	960	720	0	0	0	1024	128	128	REST	0	0	0	0	0	-1	0	0	0	-1	0	0	0	0	Uskarg	0	0	0	43690	The Fallows	Elinbrand	1380	420	1	0	-1	0	-1	-1	0	0		0	DEFEND_HOMELAND	RETURN_HOME	Uskarg	0	0	+far-sighted+patient	16777218		0	0	0	0	0	0
CH_ARAMILA	Aramila	the Seer	65	character		0	+height+obstacle+female	32773	150	247	NORTH	shield_34	head_66	0	-1	0	3	1440	1440	960	720	0	0	0	1024	128	128	REST	0	0	0	0	0	-1	0	0	0	-1	0	0	0	0	Arakai	0	0	0	43690	The Last Northing	Elmir	660	1140	1	0	-1	0	-1	-1	0	0		0	DEFEND_HOMELAND	RETURN_HOME	Arakai	0	0	+talkative+knowledgeable	134218240		0	0	0	0	0	0
CH_MELINOTH	Melinoth	Larkstongue	66	character		0	+height+obstacle+female	32773	130	122	NORTH	shield_5	head_6	0	-1	0	3	1440	1440	960	720	0	0	0	1024	128	128	REST	0	0	0	0	0	-1	0	0	0	-1	0	0	0	0	Dawn Fey	70	0	0	43690	Dawnwood	Songs	660	1140	1	0	-1	0	-1	-1	0	0		0	DEFEND_HOMELAND	RETURN_HOME	Dawn Fey	0	0	+far-sighted+home-loving+tireless	9218		0	0	0	0	0	0
CH_MANA	Mana	the Huntress	67	character		0	+height+obstacle+female	32773	150	247	NORTH	shield_34	head_68	0	-1	0	3	1440	1440	960	720	0	0	0	1024	128	128	REST	0	0	0	0	0	-1	0	0	0	-1	0	0	0	0	Eldrin	0	0	0	43690	Eldmark	Arelban	1080	120	1	0	-1	0	-1	-1	0	0		0	DEFEND_HOMELAND	RETURN_HOME	Eldrin	0	0	+warm-hearted+energetic	4128		0	0	0	0	0	0
CH_RORLBAR	Rorlbar	the Poet	68	character		0	+height+obstacle	5	150	247	NORTH	shield_34	head_69	0	-1	0	3	1440	1440	960	720	0	0	0	1024	128	128	REST	0	0	0	0	0	-1	0	0	0	-1	0	0	0	0	Gelming	0	0	0	43690	The Gelm	Finfyr	1380	420	1	0	-1	0	-1	-1	0	0		0	DEFEND_HOMELAND	RETURN_HOME	Gelming	0	0	+charming	262144	+sceptical	268435456	0	0	0	0	0
CH_GARAMOR	Garamor	the Fat	69	character		0	+height+obstacle	5	63	40	NORTH	shield_52	head_70	0	-1	0	3	1440	1440	960	720	0	0	0	1024	128	128	REST	0	0	0	0	0	-1	0	0	0	-1	0	0	0	0	Atheling	70	0	0	43690	The Lee	Rilnor	660	1140	1	0	-1	0	-1	-1	0	0		0	DEFEND_HOMELAND	RETURN_HOME	Atheling	0	0	+selfless	4	+easilytired+impatient	16785408	0	0	0	0	0
CH_BORLUM	Borlum	the Happy	70	character		0	+height+obstacle	5	222	202	NORTH	shield_55	head_71	0	-1	0	3	1440	1440	960	720	0	0	0	1024	128	128	REST	0	0	0	0	0	-1	0	0	0	-1	0	0	0	0	Giant	75	0	0	43690	The Delve	Big	360	840	1	0	-1	0	-1	-1	0	0		0	DEFEND_HOMELAND	RETURN_HOME	Giant	0	0	+kind+eager	2064	+cautious	8	0	0	0	0	0
CH_AKRITH	Akrith	Bloodhand	71	character		0	+height+obstacle	5	170	191	NORTH	shield_51	head_72	0	-1	0	3	1440	1440	960	720	0	0	0	1024	128	128	REST	0	0	0	0	0	-1	0	0	0	-1	0	0	0	0	Dark Fey	545	0	0	43690	The Marish	Barathor	1080	120	1	0	-1	0	-1	-1	0	0		0	DEFEND_HOMELAND	RETURN_HOME	Dark Fey	0	0		0	+reckless+cruel+passionless	32786	0	0	0	0	0
CH_GODROLD	Godrold	Heavyhand	72	character		0	+height+obstacle	5	150	247	NORTH	shield_34	head_73	0	-1	0	3	1440	1440	960	720	0	0	0	1024	128	128	REST	0	0	0	0	0	-1	0	0	0	-1	0	0	0	0	Arakai	0	0	0	43690	The Last Northing	Rilleon	1380	420	1	0	-1	0	-1	-1	0	0		0	DEFEND_HOMELAND	RETURN_HOME	Arakai	0	0	+kind+gallant	131088		0	0	0	0	0	0
CH_DARATH	Darath	the Lion	73	character		0	+height+obstacle	5	140	144	NORTH	shield_16	head_74	0	-1	0	3	1440	1440	960	720	0	0	0	1024	128	128	REST	0	0	0	0	0	-1	0	0	0	-1	0	0	0	0	Uskarg	85	0	0	43690	The Fallows	Elinbrand	660	1140	1	0	-1	0	-1	-1	0	0		0	DEFEND_HOMELAND	RETURN_HOME	Uskarg	0	0	+far-sighted+bold+generous	138		0	0	0	0	0	0
CH_PARIK	Parik	the Miser	74	character		0	+height+obstacle	5	150	247	NORTH	shield_34	head_75	0	-1	0	3	1440	1440	960	720	0	0	0	1024	128	128	REST	0	0	0	0	0	-1	0	0	0	-1	0	0	0	0	Uskarg	0	0	0	43690	The Fallows	Roreon	360	840	1	0	-1	0	-1	-1	0	0		0	DEFEND_HOMELAND	RETURN_HOME	Uskarg	0	0		0	+cruel+ignorant	134217744	0	0	0	0	0
CH_MERITHEL	Merithel	of the Lake	75	character		0	+height+obstacle+female	32773	178	46	NORTH	shield_15	head_76	0	-1	0	3	1440	1440	960	720	0	0	0	1024	128	128	REST	0	0	0	0	0	-1	0	0	0	-1	0	0	0	0	Arakai	75	0	0	43690	The Last Northing	Elmir	1080	120	1	0	-1	0	-1	-1	0	0		0	DEFEND_HOMELAND	RETURN_HOME	Arakai	0	0	+warm-hearted+eager+passionate	34848	+reckless+greedy+headstrong+impatient	16842882	0	0	0	0	0
CH_AREMELA	Aremela	Princess	76	character	+rescue	16	+height+obstacle+female	32773	145	220	NORTH	shield_1	head_77	0	-1	0	3	1440	1440	960	720	0	0	0	1024	128	128	REST	0	0	0	0	0	-1	0	0	0	-1	0	0	0	0	Eldrin	0	0	0	43690	Eldmark	Arelban	1380	420	1	0	-1	0	-1	-1	0	0		0	BE_A_HOSTAGE	RETURN_HOME	Eldrin	0	0	+far-sighted+patient	16777218	+tight-lipped	512	0	0	0	0	0
CH_FARLIK	Farlik	Whiteknife	77	character		0	+height+obstacle	5	150	247	NORTH	shield_34	head_78	0	-1	0	3	1440	1440	960	720	0	0	0	1024	128	128	REST	0	0	0	0	0	-1	0	0	0	-1	0	0	0	0	Long Dwarf	0	0	0	43690	The Long Mountains	Erenim	660	1140	1	0	-1	0	-1	-1	0	0		0	DEFEND_HOMELAND	RETURN_HOME	Long Dwarf	0	0	+brave+reliable	65537		0	0	0	0	0	0
CH_ARAK	Arak	the Avenger	78	character	+knowledge	2	+height+obstacle	5	150	53	NORTH	shield_43	head_2	0	-1	0	3	1440	1440	960	720	0	0	0	1024	128	128	REST	0	0	0	0	0	-1	0	0	0	-1	0	0	0	0	Arakai	180	0	0	43690	The Last Northing	Rilleon	660	1140	1	0	-1	0	-1	-1	0	0		0	DEFEND_HOMELAND	RETURN_HOME	Arakai	0	0	+brave+quick-witted+energetic+a superb leader	-2147479295	+restless+impatient	16778240	0	0	0	0	0
CH_TORANETH	Toraneth	the Cruel	79	character		0	+height+obstacle	5	145	220	NORTH	shield_38	head_80	0	-1	0	3	1440	1440	960	720	0	0	0	1024	128	128	REST	0	0	0	0	0	-1	0	0	0	-1	0	0	0	0	Dark Fey	530	0	0	43690	The Marish	Maranor	1080	120	1	0	-1	0	-1	-1	0	0		0	DEFEND_HOMELAND	RETURN_HOME	Dark Fey	0	0		0	+selfish+cruel+blood thirsty	2097172	0	0	0	0	0
CH_DARGRITH	Dargrith	the Butcher	80	character		0	+height+obstacle	5	134	200	NORTH	shield_14	head_81	0	-1	0	3	1440	1440	960	720	0	0	0	1024	128	128	REST	0	0	0	0	0	-1	0	0	0	-1	0	0	0	0	Dark Fey	495	0	0	43690	The Marish	Death	1380	420	1	0	-1	0	-1	-1	0	0		0	DEFEND_HOMELAND	RETURN_HOME	Dark Fey	0	0		0	+malicious+blood thirsty+a feeble warrior	1075970048	0	0	0	0	0
CH_OGRIN	Ogrin	Woodenblade	81	character		0	+height+obstacle	5	150	247	NORTH	shield_34	head_82	0	-1	0	3	1440	1440	960	720	0	0	0	1024	128	128	REST	0	0	0	0	0	-1	0	0	0	-1	0	0	0	0	Dawn Fey	0	0	0	43690	Dawnwood	Emerthen	660	1140	1	0	-1	0	-1	-1	0	0		0	DEFEND_HOMELAND	RETURN_HOME	Dawn Fey	0	0	+naive	268435456	+selfish	4	0	0	0	0	0
CH_ARAG	Arag	Drythroat	82	character		0	+height+obstacle	5	150	247	NORTH	shield_34	head_83	0	-1	0	3	1440	1440	960	720	0	0	0	1024	128	128	REST	0	0	0	0	0	-1	0	0	0	-1	0	0	0	0	Dawn Fey	0	0	0	43690	Dawnwood	Songs	360	840	1	0	-1	0	-1	-1	0	0		0	DEFEND_HOMELAND	RETURN_HOME	Dawn Fey	0	0	+talkative	512	+unconvincing	67108864	0	0	0	0	0
CH_JUSTRIK	Justrik	the Hawk	83	character		0	+height+obstacle	5	150	247	NORTH	shield_34	head_84	0	-1	0	3	1440	1440	960	720	0	0	0	1024	128	128	REST	0	0	0	0	0	-1	0	0	0	-1	0	0	0	0	Arakai	0	0	0	43690	The Last Northing	Caramane	1080	120	1	0	-1	0	-1	-1	0	0		0	DEFEND_HOMELAND	RETURN_HOME	Arakai	0	0	+quick-witted	256	+cautious	8	0	0	0	0	0
CH_SHARILA	Sharila	Suresword	84	character		0	+height+obstacle+female	32773	33	25	NORTH	shield_7	head_85	0	-1	0	3	1440	1440	960	720	0	0	0	1024	128	128	REST	0	0	0	0	0	-1	0	0	0	-1	0	0	0	0	Kith	190	0	0	43690	The Witherlands	Erifel	1380	420	1	0	-1	0	-1	-1	0	0		0	DEFEND_HOMELAND	RETURN_HOME	Kith	0	0	+eager+loyal+hot-tempered	537397248		0	0	0	0	0	0
CH_RAINAR	Rainar	the Besotted	85	character		0	+height+obstacle	5	205	80	NORTH	shield_41	head_7	0	-1	0	3	1440	1440	960	720	0	0	0	1024	128	128	REST	0	0	0	0	0	-1	0	0	0	-1	0	0	0	0	Arakai	70	0	0	43690	The Last Northing	Caramane	360	840	1	0	-1	0	-1	-1	0	0		0	DEFEND_HOMELAND	RETURN_HOME	Arakai	0	0	+eager+energetic+passionate	38912		0	0	0	0	0	0
CH_JARANOR	Jaranor	the Hasty	86	character		0	+height+obstacle	5	240	75	NORTH	shield_35	head_87	0	-1	0	3	1440	1440	960	720	0	0	0	1024	128	128	REST	0	0	0	0	0	-1	0	0	0	-1	0	0	0	0	Dragonlord	80	0	0	43690	Arungor	Shrygal	360	840	1	0	-1	0	-1	-1	0	0		0	DEFEND_HOMELAND	RETURN_HOME	Dragonlord	0	0	+brave+hot-tempered	536870913	+impatient	16777216	0	0	0	0	0
CH_ASUNAI	Asunai	Ironwing	87	character	+knowledge	2	+height+obstacle	5	225	132	NORTH	shield_40	head_3	0	-1	0	3	1440	1440	960	720	0	0	0	1024	128	128	REST	0	0	0	0	0	-1	0	0	0	-1	0	0	0	0	Uskarg	200	0	0	43690	The Fallows	Roreon	360	840	1	0	-1	0	-1	-1	0	0		0	DEFEND_HOMELAND	RETURN_HOME	Uskarg	0	0	+brave+home-loving+passionate+a mighty warrior	1073775617		0	0	0	0	0	0
CH_URGORETH	Urgoreth	the Despiser	88	character		0	+height+obstacle	5	150	247	NORTH	shield_4	head_89	0	-1	0	3	1440	1440	960	720	0	0	0	1024	128	128	REST	0	0	0	0	0	-1	0	0	0	-1	0	0	0	0	Dark Fey	515	0	0	43690	The Marish	Burning	660	1140	1	0	-1	0	-1	-1	0	0		0	DEFEND_HOMELAND	RETURN_HOME	Dark Fey	0	0		0	+cautious+greedy+blood thirsty	2097288	0	0	0	0	0
CH_MIRGRATH	Mirgrath	the Black	89	character		0	+height+obstacle	5	117	188	NORTH	shield_20	head_90	0	-1	0	3	1440	1440	960	720	0	0	0	1024	128	128	REST	0	0	0	0	0	-1	0	0	0	-1	0	0	0	0	Dark Fey	485	0	0	43690	The Marish	Dwardor	360	840	1	0	-1	0	-1	-1	0	0		0	DEFEND_HOMELAND	RETURN_HOME	Dark Fey	0	0		0	+easilytired+repulsive+solitary	1318912	0	0	0	0	0
CH_MOGRAK	Mograk	Rustaxe	90	character		0	+height+obstacle	5	40	204	NORTH	shield_57	head_91	0	-1	0	3	1440	1440	960	720	0	0	0	1024	128	128	REST	0	0	0	0	0	-1	0	0	0	-1	0	0	0	0	Deeping Dwarf	80	0	0	43690	The Deeping	Sharenor	1080	120	1	0	-1	0	-1	-1	0	0		0	DEFEND_HOMELAND	RETURN_HOME	Deeping Dwarf	0	0	+bold+gallant	131080	+restless	1024	0	0	0	0	0
CH_TAROLETH	Taroleth	the Jester	91	character		0	+height+obstacle	5	98	150	NORTH	shield_50	head_92	0	-1	0	3	1440	1440	960	720	0	0	0	1024	128	128	REST	0	0	0	0	0	-1	0	0	0	-1	0	0	0	0	Dawn Fey	55	0	0	43690	Dawnwood	Corithel	1380	420	1	0	-1	0	-1	-1	0	0		0	DEFEND_HOMELAND	RETURN_HOME	Dawn Fey	0	0	+quick-witted	256	+cowardly+mad	33554433	0	0	0	0	0
CH_ARFOLD	Arfold	Longtooth	92	character		0	+height+obstacle+female	32773	150	247	NORTH	shield_34	head_93	0	-1	0	3	1440	1440	960	720	0	0	0	1024	128	128	REST	0	0	0	0	0	-1	0	0	0	-1	0	0	0	0	Gelming	0	0	0	43690	The Gelm	Samarand	660	1140	1	0	-1	0	-1	-1	0	0		0	DEFEND_HOMELAND	RETURN_HOME	Gelming	0	0	+knowledgeable	134217728	+solitary	1048576	0	0	0	0	0
CH_DORGRUN	Dorgrun	Roughhand	93	character		0	+height+obstacle	5	150	247	NORTH	shield_34	head_94	0	-1	0	3	1440	1440	960	720	0	0	0	1024	128	128	REST	0	0	0	0	0	-1	0	0	0	-1	0	0	0	0	Dragonlord	0	0	0	43690	Arungor	Erivik	360	840	1	0	-1	0	-1	-1	0	0		0	DEFEND_HOMELAND	RETURN_HOME	Dragonlord	0	0		0	+reckless+impatient	16777218	0	0	0	0	0
CH_MOLICOR	Molicor	the Kind	94	character		0	+height+obstacle	5	150	247	NORTH	shield_34	head_95	0	-1	0	3	1440	1440	960	720	0	0	0	1024	128	128	REST	0	0	0	0	0	-1	0	0	0	-1	0	0	0	0	Arakai	0	0	0	43690	The Last Northing	Ravenfrey	1080	120	1	0	-1	0	-1	-1	0	0		0	DEFEND_HOMELAND	RETURN_HOME	Arakai	0	0	+kind+level-headed	33554448		0	0	0	0	0	0
CH_IGRAL	Igral	Mouseheart	95	character		0	+height+obstacle	5	150	247	NORTH	shield_34	head_96	0	-1	0	3	1440	1440	960	720	0	0	0	1024	128	128	REST	0	0	0	0	0	-1	0	0	0	-1	0	0	0	0	Arakai	0	0	0	43690	The Last Northing	Sapphire	1380	420	1	0	-1	0	-1	-1	0	0		0	DEFEND_HOMELAND	RETURN_HOME	Arakai	0	0	+generous	128	+cowardly	1	0	0	0	0	0
CH_ORIMUND	Orimund	the Resplendent	96	character		0	+height+obstacle	5	150	247	NORTH	shield_34	head_97	0	-1	0	3	1440	1440	960	720	0	0	0	1024	128	128	REST	0	0	0	0	0	-1	0	0	0	-1	0	0	0	0	Uskarg	0	0	0	43690	The Fallows	Theodel	660	1140	1	0	-1	0	-1	-1	0	0		0	DEFEND_HOMELAND	RETURN_HOME	Uskarg	0	0	+modest	16384	+arrogant	16384	0	0	0	0	0
CH_CRUN	Crun	the Weasel	97	character		0	+height+obstacle	5	150	247	NORTH	shield_34	head_98	0	-1	0	3	1440	1440	960	720	0	0	0	1024	128	128	REST	0	0	0	0	0	-1	0	0	0	-1	0	0	0	0	Long Dwarf	0	0	0	43690	The Long Mountains	Saradwin	360	840	1	0	-1	0	-1	-1	0	0		0	DEFEND_HOMELAND	RETURN_HOME	Long Dwarf	0	0		0	+cowardly+treacherous	524289	0	0	0	0	0
CH_FARAMOTH	Faramoth	the Solemn	98	character		0	+height+obstacle	5	150	247	NORTH	shield_34	head_99	0	-1	0	3	1440	1440	960	720	0	0	0	1024	128	128	REST	0	0	0	0	0	-1	0	0	0	-1	0	0	0	0	High Fey	0	0	0	43690	Wierdwood	Forgotten	1080	120	1	0	-1	0	-1	-1	0	0		0	DEFEND_HOMELAND	RETURN_HOME	High Fey	0	0		0	+solitary+thick-skinned	537919488	0	0	0	0	0
CH_ULGRIM	Ulgrim	the Weary	99	character		0	+height+obstacle	5	89	205	NORTH	shield_27	head_100	0	-1	0	3	1440	1440	960	720	0	0	0	1024	128	128	REST	0	0	0	0	0	-1	0	0	0	-1	0	0	0	0	Deeping Dwarf	75	0	0	43690	The Deeping	Tharn	1380	420	1	0	-1	0	-1	-1	0	0		0	DEFEND_HOMELAND	RETURN_HOME	Deeping Dwarf	0	0	+selfless	4	+cautious+slow-witted	264	0	0	0	0	0
CH_MIRANAR	Miranar	Fairhand	100	character	+knowledge	2	+height+obstacle	5	116	133	NORTH	shield_33	head_101	0	-1	0	3	1440	1440	960	720	0	0	0	1024	128	128	REST	0	0	0	0	0	-1	0	0	0	-1	0	0	0	0	Dawn Fey	190	0	0	43690	Dawnwood	Elorthord	660	1140	1	0	-1	0	-1	-1	0	0		0	DEFEND_HOMELAND	RETURN_HOME	Dawn Fey	0	0	+modest+loyal+patient	17317888		0	0	0	0	0	0
CH_ULGRUD	Ulgrud	the Treacherous	101	character		0	+height+obstacle	5	74	142	NORTH	shield_10	head_102	0	-1	0	3	1440	1440	960	720	0	0	0	1024	128	128	REST	0	0	0	0	0	-1	0	0	0	-1	0	0	0	0	Long Dwarf	60	0	0	43690	The Long Mountains	Scaradir	360	840	1	0	-1	0	-1	-1	0	0		0	DEFEND_HOMELAND	RETURN_HOME	Long Dwarf	0	0		0	+selfish+cold_hearted+treacherous	524324	0	0	0	0	0
CH_ELGRENA	Elgrena	the Gracious	102	character		0	+height+obstacle+female	32773	150	247	NORTH	shield_34	head_103	0	-1	0	3	1440	1440	960	720	0	0	0	1024	128	128	REST	0	0	0	0	0	-1	0	0	0	-1	0	0	0	0	Dawn Fey	0	0	0	43690	Dawnwood	Maralan	1080	120	1	0	-1	0	-1	-1	0	0		0	DEFEND_HOMELAND	RETURN_HOME	Dawn Fey	0	0	+selfless+kind	20		0	0	0	0	0	0
CH_ALAGRIM	Alagrim	Ironaxe	103	character		0	+height+obstacle	5	127	72	NORTH	shield_18	head_104	0	-1	0	3	1440	1440	960	720	0	0	0	1024	128	128	REST	0	0	0	0	0	-1	0	0	0	-1	0	0	0	0	Long Dwarf	85	0	0	43690	The Long Mountains	Thordroth	1380	420	1	0	-1	0	-1	-1	0	0		0	DEFEND_HOMELAND	RETURN_HOME	Long Dwarf	0	0	+brave+selfless	5	+apathetic	2048	0	0	0	0	0
CH_KARAHAR	Karahar	the Wistful	104	character		0	+height+obstacle	5	150	247	NORTH	shield_34	head_105	0	-1	0	3	1440	1440	960	720	0	0	0	1024	128	128	REST	0	0	0	0	0	-1	0	0	0	-1	0	0	0	0	Gelming	0	0	0	43690	The Gelm	Gilgrath	660	1140	1	0	-1	0	-1	-1	0	0		0	DEFEND_HOMELAND	RETURN_HOME	Gelming	0	0	+talkative+patient	16777728		0	0	0	0	0	0
CH_ORAGRANE	Oragrane	the Fearless	105	character		0	+height+obstacle	5	241	63	NORTH	shield_9	head_106	0	-1	0	3	1440	1440	960	720	0	0	0	1024	128	128	REST	0	0	0	0	0	-1	0	0	0	-1	0	0	0	0	Dragonlord	90	0	0	43690	Arungor	Sarnoth	360	840	1	0	-1	0	-1	-1	0	0		0	DEFEND_HOMELAND	RETURN_HOME	Dragonlord	0	0	+a mighty warrior	1073741824	+cold_hearted+impatient	16777248	0	0	0	0	0
CH_MARATHOR	Marathor	the Splendid	106	character		0	+height+obstacle	5	115	65	NORTH	shield_52	head_107	0	-1	0	3	1440	1440	960	720	0	0	0	1024	128	128	REST	0	0	0	0	0	-1	0	0	0	-1	0	0	0	0	Atheling	95	0	0	43690	The Lee	Melthor	1080	120	1	0	-1	0	-1	-1	0	0		0	DEFEND_HOMELAND	RETURN_HOME	Atheling	0	0	+kind+warm-hearted+generous	176		0	0	0	0	0	0
CH_BARAG	Barag	the Fierce	107	character		0	+height+obstacle	5	150	247	NORTH	shield_34	head_108	0	-1	0	3	1440	1440	960	720	0	0	0	1024	128	128	REST	0	0	0	0	0	-1	0	0	0	-1	0	0	0	0	Uskarg	0	0	0	43690	The Fallows	Skordroth	1380	420	1	0	-1	0	-1	-1	0	0		0	DEFEND_HOMELAND	RETURN_HOME	Uskarg	0	0	+hot-tempered	536870912	+vicious	64	0	0	0	0	0
CH_GOLGUD	Golgud	the Reluctant	108	character		0	+height+obstacle	5	71	174	NORTH	shield_27	head_109	0	-1	0	3	1440	1440	960	720	0	0	0	1024	128	128	REST	0	0	0	0	0	-1	0	0	0	-1	0	0	0	0	Deeping Dwarf	60	0	0	43690	The Deeping	Ararak	660	1140	1	0	-1	0	-1	-1	0	0		0	DEFEND_HOMELAND	RETURN_HOME	Deeping Dwarf	0	0	+generous+patient	16777344	+cowardly	1	0	0	0	0	0
CH_ILARETH	Ilareth	the Chosen	109	character		0	+height+obstacle	5	18	170	NORTH	shield_22	head_110	0	-1	0	3	1440	1440	960	720	0	0	0	1024	128	128	REST	0	0	0	0	0	-1	0	0	0	-1	0	0	0	0	High Fey	70	0	0	43690	Wierdwood	Whispering	360	840	1	0	-1	0	-1	-1	0	0		0	DEFEND_HOMELAND	RETURN_HOME	High Fey	0	0	+submissive+knowledgeable	142606336	+arrogant	16384	0	0	0	0	0
CH_TORBRITH	Torbrith	Swiftfoot	110	character		0	+height+obstacle	5	150	247	NORTH	shield_34	head_111	0	-1	0	3	1440	1440	960	720	0	0	0	1024	128	128	REST	0	0	0	0	0	-1	0	0	0	-1	0	0	0	0	Long Dwarf	0	0	0	43690	The Long Mountains	Beomir	1080	120	1	0	-1	0	-1	-1	0	0		0	DEFEND_HOMELAND	RETURN_HOME	Long Dwarf	0	0	+energetic+reliable	69632		0	0	0	0	0	0
CH_SLORUM	Slorum	the Smug	111	character		0	+height+obstacle	5	186	215	NORTH	shield_45	head_112	0	-1	0	3	1440	1440	960	720	0	0	0	1024	128	128	REST	0	0	0	0	0	-1	0	0	0	-1	0	0	0	0	Giant	75	0	0	43690	The Delve	Tark	1380	420	1	0	-1	0	-1	-1	0	0		0	DEFEND_HOMELAND	RETURN_HOME	Giant	0	0	+quick-witted+talkative	768	+ignorant	134217728	0	0	0	0	0
CH_SAMARA	Samara	Wildheart	112	character		0	+height+obstacle+female	32773	150	247	NORTH	shield_34	head_113	0	-1	0	3	1440	1440	960	720	0	0	0	1024	128	128	REST	0	0	0	0	0	-1	0	0	0	-1	0	0	0	0	Dawn Fey	0	0	0	43690	Dawnwood	Carafel	660	1140	1	0	-1	0	-1	-1	0	0		0	DEFEND_HOMELAND	RETURN_HOME	Dawn Fey	0	0	+brave+passionate	32769		0	0	0	0	0	0
CH_HILGOR	Hilgor	the Meek	113	character		0	+height+obstacle	5	150	247	NORTH	shield_34	head_114	0	-1	0	3	1440	1440	960	720	0	0	0	1024	128	128	REST	0	0	0	0	0	-1	0	0	0	-1	0	0	0	0	Giant	0	0	0	43690	The Delve	Grorn	360	840	1	0	-1	0	-1	-1	0	0		0	DEFEND_HOMELAND	RETURN_HOME	Giant	0	0		0	+languid+unconvincing	67112960	0	0	0	0	0
CH_ZALNOR	Zalnor	Sourspleen	114	character		0	+height+obstacle	5	150	247	NORTH	shield_34	head_115	0	-1	0	3	1440	1440	960	720	0	0	0	1024	128	128	REST	0	0	0	0	0	-1	0	0	0	-1	0	0	0	0	Kith	0	0	0	43690	The Witherlands	Eomir	1080	120	1	0	-1	0	-1	-1	0	0		0	DEFEND_HOMELAND	RETURN_HOME	Kith	0	0		0	+apathetic+easilytired	10240	0	0	0	0	0
CH_MELGRAN	Melgran	Dragonsword	115	character		0	+height+obstacle	5	150	247	NORTH	shield_34	head_116	0	-1	0	3	1440	1440	960	720	0	0	0	1024	128	128	REST	0	0	0	0	0	-1	0	0	0	-1	0	0	0	0	Arakai	0	0	0	43690	The Last Northing	Sharmark	1380	420	1	0	-1	0	-1	-1	0	0		0	DEFEND_HOMELAND	RETURN_HOME	Arakai	0	0	+bold+modest	16392		0	0	0	0	0	0
CH_KHALAK	Khalak	the Blue	116	character		0	+height+obstacle	5	163	133	NORTH	shield_25	head_117	0	-1	0	3	1440	1440	960	720	0	0	0	1024	128	128	REST	0	0	0	0	0	-1	0	0	0	-1	0	0	0	0	Uskarg	65	0	0	43690	The Fallows	Arabar	660	1140	1	0	-1	0	-1	-1	0	0		0	DEFEND_HOMELAND	RETURN_HOME	Uskarg	0	0	+gallant	131072	+tight-lipped+restless	1536	0	0	0	0	0
CH_BORAGRIM	Boragrim	Sharpaxe	117	character		0	+height+obstacle	5	55	220	NORTH	shield_57	head_118	0	-1	0	3	1440	1440	960	720	0	0	0	1024	128	128	REST	0	0	0	0	0	-1	0	0	0	-1	0	0	0	0	Deeping Dwarf	85	0	0	43690	The Deeping	Ildemar	360	840	1	0	-1	0	-1	-1	0	0		0	DEFEND_HOMELAND	RETURN_HOME	Deeping Dwarf	0	0	+generous+home-loving+gallant	132224		0	0	0	0	0	0
CH_MELKRITH	Melkrith	Nightshade	118	character		0	+height+obstacle	5	7	143	NORTH	shield_22	head_119	0	-1	0	3	1440	1440	960	720	0	0	0	1024	128	128	REST	0	0	0	0	0	-1	0	0	0	-1	0	0	0	0	High Fey	60	0	0	43690	Wierdwood	Arelmar	1080	120	1	0	-1	0	-1	-1	0	0		0	DEFEND_HOMELAND	RETURN_HOME	High Fey	0	0		0	+treacherous+provocative+domineering	13107200	0	0	0	0	0
CH_OSCRUTH	Oscruth	Loosehead	119	character		0	+height+obstacle	5	150	247	NORTH	shield_34	head_120	0	-1	0	3	1440	1440	960	720	0	0	0	1024	128	128	REST	0	0	0	0	0	-1	0	0	0	-1	0	0	0	0	Uskarg	0	0	0	43690	The Fallows	Athrudan	1380	420	1	0	-1	0	-1	-1	0	0		0	DEFEND_HOMELAND	RETURN_HOME	Uskarg	0	0		0	+cowardly+mad	33554433	0	0	0	0	0
CH_VOLGOR	Volgor	the Sure	120	character		0	+height+obstacle	5	150	247	NORTH	shield_34	head_121	0	-1	0	3	1440	1440	960	720	0	0	0	1024	128	128	REST	0	0	0	0	0	-1	0	0	0	-1	0	0	0	0	Long Dwarf	0	0	0	43690	The Long Mountains	Isilfrey	660	1140	1	0	-1	0	-1	-1	0	0		0	DEFEND_HOMELAND	RETURN_HOME	Long Dwarf	0	0	+brave+kind	17		0	0	0	0	0	0
CH_TALMAR	Talmar	the Quiet	121	character		0	+height+obstacle	5	55	12	NORTH	shield_3	head_122	0	-1	0	3	1440	1440	960	720	0	0	0	1024	128	128	REST	0	0	0	0	0	-1	0	0	0	-1	0	0	0	0	Kith	80	0	0	43690	The Witherlands	Sareon	360	840	1	0	-1	0	-1	-1	0	0		0	DEFEND_HOMELAND	RETURN_HOME	Kith	0	0	+quick-witted+peaceable+patient	18874624		0	0	0	0	0	0
CH_OLOG	Olog	the Friendly	122	character		0	+height+obstacle	5	199	187	NORTH	shield_45	head_123	0	-1	0	3	1440	1440	960	720	0	0	0	1024	128	128	REST	0	0	0	0	0	-1	0	0	0	-1	0	0	0	0	Giant	70	0	0	43690	The Delve	Finrod	1080	120	1	0	-1	0	-1	-1	0	0		0	DEFEND_HOMELAND	RETURN_HOME	Giant	0	0	+warm-hearted+gentle+eager	2144		0	0	0	0	0	0
CH_OLAGRUM	Olagrum	the Steady	123	character		0	+height+obstacle	5	208	199	NORTH	shield_55	head_124	0	-1	0	3	1440	1440	960	720	0	0	0	1024	128	128	REST	0	0	0	0	0	-1	0	0	0	-1	0	0	0	0	Giant	60	0	0	43690	The Delve	Corth	1380	420	1	0	-1	0	-1	-1	0	0		0	DEFEND_HOMELAND	RETURN_HOME	Giant	0	0	+patient+level-headed	50331648	+passionless	32768	0	0	0	0	0
CH_HARUMBAR	Harumbar	the Unhappy	124	character		0	+height+obstacle	5	150	247	NORTH	shield_34	head_125	0	-1	0	3	1440	1440	960	720	0	0	0	1024	128	128	REST	0	0	0	0	0	-1	0	0	0	-1	0	0	0	0	Dawn Fey	0	0	0	43690	Dawnwood	Romiel	660	1140	1	0	-1	0	-1	-1	0	0		0	DEFEND_HOMELAND	RETURN_HOME	Dawn Fey	0	0	+polite	4194304	+solitary	1048576	0	0	0	0	0
CH_THORGRAN	Thorgran	Wildsword	125	character		0	+height+obstacle	5	187	147	NORTH	shield_60	head_126	0	-1	0	3	1440	1440	960	720	0	0	0	1024	128	128	REST	0	0	0	0	0	-1	0	0	0	-1	0	0	0	0	Uskarg	80	0	0	43690	The Fallows	Cerrelm	360	840	1	0	-1	0	-1	-1	0	0		0	DEFEND_HOMELAND	RETURN_HOME	Uskarg	0	0	+tireless+passionate+gallant+a mighty warrior	1073913856		0	0	0	0	0	0
CH_ALUTHRIM	Aluthrim	the Bold	126	character		0	+height+obstacle	5	98	188	NORTH	shield_24	head_127	0	-1	0	3	1440	1440	960	720	0	0	0	1024	128	128	REST	0	0	0	0	0	-1	0	0	0	-1	0	0	0	0	Deeping Dwarf	90	0	0	43690	The Deeping	Dawn	1080	120	1	0	-1	0	-1	-1	0	0		0	DEFEND_HOMELAND	RETURN_HOME	Deeping Dwarf	0	0	+bold+kind	24	+headstrong	65536	0	0	0	0	0
CH_ALARGRITH	Alargrith	Warhelm	127	character		0	+height+obstacle	5	61	159	NORTH	shield_13	head_128	0	-1	0	3	1440	1440	960	720	0	0	0	1024	128	128	REST	0	0	0	0	0	-1	0	0	0	-1	0	0	0	0	High Fey	80	0	0	43690	Wierdwood	Aradel	1380	420	1	0	-1	0	-1	-1	0	0		0	DEFEND_HOMELAND	RETURN_HOME	High Fey	0	0	+loyal	524288	+cold_hearted+tight-lipped	544	0	0	0	0	0
CH_GOROLAN	Gorolan	the Benign	128	character		0	+height+obstacle	5	150	247	NORTH	shield_34	head_129	0	-1	0	3	1440	1440	960	720	0	0	0	1024	128	128	REST	0	0	0	0	0	-1	0	0	0	-1	0	0	0	0	Atheling	0	0	0	43690	The Lee	Cerevere	660	1140	1	0	-1	0	-1	-1	0	0		0	DEFEND_HOMELAND	RETURN_HOME	Atheling	0	0	+patient	16777216	+sceptical	268435456	0	0	0	0	0
CH_ILVAR	Ilvar	the Penitent	129	character		0	+height+obstacle	5	77	93	NORTH	shield_12	head_130	0	-1	0	3	1440	1440	960	720	0	0	0	1024	128	128	REST	0	0	0	0	0	-1	0	0	0	-1	0	0	0	0	Atheling	70	0	0	43690	The Lee	Ceremelth	360	840	1	0	-1	0	-1	-1	0	0		0	DEFEND_HOMELAND	RETURN_HOME	Atheling	0	0	+reliable+persuasive+knowledgeable	201392128		0	0	0	0	0	0
CH_ARALETH	Araleth	the White	130	character	+recruit+knowledge+friendly+interest+control+location+watch	57419	+height+obstacle	5	8	12	NORTH	shield_2	head_131	0	-1	0	3	1440	1440	960	720	0	0	0	1024	128	128	REST	0	0	0	0	0	-1	0	0	0	-1	0	0	0	0	Free	105	0	0	43690	Midnight	Corelay	1080	120	1	0	-1	0	-1	-1	0	0		0	DEFEND_HOMELAND	RETURN_HOME	Free	0	0	+passionate+gallant+charming	425984		0	0	0	0	0	0
CH_ARITHEL	Arithel	the Joybringer	131	character		0	+height+obstacle+female	32773	18	129	NORTH	shield_23	head_132	0	-1	0	3	1440	1440	960	720	0	0	0	1024	128	128	REST	0	0	0	0	0	-1	0	0	0	-1	0	0	0	0	High Fey	70	0	0	43690	Wierdwood	Elinvar	360	840	1	0	-1	0	-1	-1	0	0		0	DEFEND_HOMELAND	RETURN_HOME	High Fey	0	0	+charming+loyal+polite	4980736		0	0	0	0	0	0
CH_EMEDREL	Emedrel	of the Fire	132	character	+rescue	16	+height+obstacle+female	32773	145	220	NORTH	shield_39	head_133	0	-1	0	3	1440	1440	960	720	0	0	0	1024	128	128	REST	0	0	0	0	0	-1	0	0	0	-1	0	0	0	0	High Fey	0	0	0	43690	Wierdwood	Merikith	1080	120	1	0	-1	0	-1	-1	0	0		0	BE_A_HOSTAGE	RETURN_HOME	High Fey	0	0	+passionate+patient+knowledgeable	151027712	+headstrong	65536	0	0	0	0	0
CH_ANDREMAR	Andremar	the Starborn	133	character		0	+height+obstacle	5	13	181	NORTH	shield_23	head_134	0	-1	0	3	1440	1440	960	720	0	0	0	1024	128	128	REST	0	0	0	0	0	-1	0	0	0	-1	0	0	0	0	High Fey	80	0	0	43690	Wierdwood	Forever	1380	420	1	0	-1	0	-1	-1	0	0		0	DEFEND_HOMELAND	RETURN_HOME	High Fey	0	0	+brave+modest+loyal	540673		0	0	0	0	0	0
CH_GALDRETH	Galdreth	the Fair	134	character		0	+height+obstacle	5	48	176	NORTH	shield_53	head_135	0	-1	0	3	1440	1440	960	720	0	0	0	1024	128	128	REST	0	0	0	0	0	-1	0	0	0	-1	0	0	0	0	High Fey	75	0	0	43690	Wierdwood	Golden	660	1140	1	0	-1	0	-1	-1	0	0		0	DEFEND_HOMELAND	RETURN_HOME	High Fey	0	0	+far-sighted+selfless+level-headed	33554438		0	0	0	0	0	0
CH_SAGRANA	Sagrana	Goldenwing	135	character	+rescue	16	+height+obstacle+female	32773	145	220	NORTH	shield_36	head_136	0	-1	0	3	1440	1440	960	720	0	0	0	1024	128	128	REST	0	0	0	0	0	-1	0	0	0	-1	0	0	0	0	Dragonlord	0	0	0	43690	Arungor	Faragor	1380	420	1	0	-1	0	-1	-1	0	0		0	BE_A_HOSTAGE	RETURN_HOME	Dragonlord	0	0	+passionate+persuasive+knowledgeable	201359360		0	0	0	0	0	0
CH_ELINA	Elina	the Enchantress	136	character		0	+height+obstacle+female	32773	164	124	NORTH	shield_58	head_137	0	-1	0	3	1440	1440	960	720	0	0	0	1024	128	128	REST	0	0	0	0	0	-1	0	0	0	-1	0	0	0	0	Uskarg	80	0	0	43690	The Fallows	Alathor	660	1140	1	0	-1	0	-1	-1	0	0		0	DEFEND_HOMELAND	RETURN_HOME	Uskarg	0	0	+passionate+persuasive+knowledgeable	201359360		0	0	0	0	0	0
CH_TARELLA	Tarella	the Intrepid	137	character		0	+height+obstacle+female	32773	150	247	NORTH	shield_34	head_138	0	-1	0	3	1440	1440	960	720	0	0	0	1024	128	128	REST	0	0	0	0	0	-1	0	0	0	-1	0	0	0	0	Dragonlord	0	0	0	43690	Arungor	Cormir	360	840	1	0	-1	0	-1	-1	0	0		0	DEFEND_HOMELAND	RETURN_HOME	Dragonlord	0	0	+talkative+hot-tempered	536871424		0	0	0	0	0	0
CH_ORAINA	Oraina	the Placid	138	character		0	+height+obstacle+female	32773	150	247	NORTH	shield_34	head_139	0	-1	0	3	1440	1440	960	720	0	0	0	1024	128	128	REST	0	0	0	0	0	-1	0	0	0	-1	0	0	0	0	Arakai	0	0	0	43690	The Last Northing	Galorbard	1080	120	1	0	-1	0	-1	-1	0	0		0	DEFEND_HOMELAND	RETURN_HOME	Arakai	0	0	+gentle+submissive	8388672		0	0	0	0	0	0
CH_KARELDA	Karelda	the Carefree	139	character		0	+height+obstacle+female	32773	150	247	NORTH	shield_34	head_140	0	-1	0	3	1440	1440	960	720	0	0	0	1024	128	128	REST	0	0	0	0	0	-1	0	0	0	-1	0	0	0	0	Uskarg	0	0	0	43690	The Fallows	Erilmark	1380	420	1	0	-1	0	-1	-1	0	0		0	DEFEND_HOMELAND	RETURN_HOME	Uskarg	0	0	+kind+gentle	80		0	0	0	0	0	0
CH_IMIREL	Imirel	Starblade	140	character		0	+height+obstacle+female	32773	150	247	NORTH	shield_34	head_141	0	-1	0	3	1440	1440	960	720	0	0	0	1024	128	128	REST	0	0	0	0	0	-1	0	0	0	-1	0	0	0	0	Deeping Dwarf	0	0	0	43690	The Deeping	Thunder	660	1140	1	0	-1	0	-1	-1	0	0		0	DEFEND_HOMELAND	RETURN_HOME	Deeping Dwarf	0	0	+gallant+charming	393216		0	0	0	0	0	0
CH_YLANDA	Ylanda	the Wishful	141	character		0	+height+obstacle+female	32773	150	247	NORTH	shield_34	head_142	0	-1	0	3	1440	1440	960	720	0	0	0	1024	128	128	REST	0	0	0	0	0	-1	0	0	0	-1	0	0	0	0	High Fey	0	0	0	43690	Wierdwood	Shimmering	360	840	1	0	-1	0	-1	-1	0	0		0	DEFEND_HOMELAND	RETURN_HOME	High Fey	0	0		0	+selfish+apathetic	2052	0	0	0	0	0
CH_MORGRISSA	Morgrissa	Hammertongue	142	character		0	+height+obstacle+female	32773	205	227	NORTH	shield_37	head_143	0	-1	0	3	1440	1440	960	720	0	0	0	1024	128	128	REST	0	0	0	0	0	-1	0	0	0	-1	0	0	0	0	Giant	59	0	0	43690	The Delve	Thordrin	1080	120	1	0	-1	0	-1	-1	0	0		0	DEFEND_HOMELAND	RETURN_HOME	Giant	0	0	+hot-tempered	536870912	+cruel+treacherous	524304	0	0	0	0	0
CH_TRANTANA	Trantana	the Grand	143	character		0	+height+obstacle+female	32773	150	247	NORTH	shield_34	head_144	0	-1	0	3	1440	1440	960	720	0	0	0	1024	128	128	REST	0	0	0	0	0	-1	0	0	0	-1	0	0	0	0	Atheling	0	0	0	43690	The Lee	Imildral	1380	420	1	0	-1	0	-1	-1	0	0		0	DEFEND_HOMELAND	RETURN_HOME	Atheling	0	0	+modest	16384	+sceptical	268435456	0	0	0	0	0
CH_OGLISSA	Oglissa	the Rose	144	character		0	+height+obstacle+female	32773	195	214	NORTH	shield_61	head_145	0	-1	0	3	1440	1440	960	720	0	0	0	1024	128	128	REST	0	0	0	0	0	-1	0	0	0	-1	0	0	0	0	Giant	55	0	0	43690	The Delve	Othrym	660	1140	1	0	-1	0	-1	-1	0	0		0	DEFEND_HOMELAND	RETURN_HOME	Giant	0	0	+selfless	4	+greedy+impatient	16777344	0	0	0	0	0
CH_MELINISSA	Melinissa	the Sweet	145	character	+rescue	16	+height+obstacle+female	32773	145	220	NORTH	shield_37	head_146	0	-1	0	3	1440	1440	960	720	0	0	0	1024	128	128	REST	0	0	0	0	0	-1	0	0	0	-1	0	0	0	0	Giant	0	0	0	43690	The Delve	Athruk	360	840	1	0	-1	0	-1	-1	0	0		0	BE_A_HOSTAGE	RETURN_HOME	Giant	0	0	+generous+energetic	4224	+repulsive	262144	0	0	0	0	0
CH_OLTHRUDA	Olthruda	the Bountiful	146	character	+rescue	16	+height+obstacle+female	32773	145	220	NORTH	shield_54	head_147	0	-1	0	3	1440	1440	960	720	0	0	0	1024	128	128	REST	0	0	0	0	0	-1	0	0	0	-1	0	0	0	0	Long Dwarf	0	0	0	43690	The Long Mountains	Farwain	1080	120	1	0	-1	0	-1	-1	0	0		0	BE_A_HOSTAGE	RETURN_HOME	Long Dwarf	0	0	+talkative+home-loving+eager	3584		0	0	0	0	0	0
CH_THALGRIMA	Thalgrima	the Betrothed	147	character	+rescue	16	+height+obstacle+female	32773	145	220	NORTH	shield_24	head_148	0	-1	0	3	1440	1440	960	720	0	0	0	1024	128	128	REST	0	0	0	0	0	-1	0	0	0	-1	0	0	0	0	Deeping Dwarf	0	0	0	43690	The Deeping	Zaragorn	1380	420	1	0	-1	0	-1	-1	0	0		0	BE_A_HOSTAGE	RETURN_HOME	Deeping Dwarf	0	0	+talkative+loyal+hot-tempered	537395712		0	0	0	0	0	0
CH_ELESSA	Elessa	of the Mists	148	character		0	+height+obstacle+female	32773	7	238	NORTH	shield_59	head_149	0	-1	0	3	1440	1440	960	720	0	0	0	1024	128	128	REST	0	0	0	0	0	-1	0	0	0	-1	0	0	0	0	Gelming	70	0	0	43690	The Gelm	Emergelm	660	1140	1	0	-1	0	-1	-1	0	0		0	DEFEND_HOMELAND	RETURN_HOME	Gelming	0	0	+selfless+generous+passionate	32900	+cautious	8	0	0	0	0	0
CH_ULENE	Ulene	Quietheart	149	character		0	+height+obstacle+female	32773	150	247	NORTH	shield_34	head_150	0	-1	0	3	1440	1440	960	720	0	0	0	1024	128	128	REST	0	0	0	0	0	-1	0	0	0	-1	0	0	0	0	Dragonlord	0	0	0	43690	Arungor	Rildroth	360	840	1	0	-1	0	-1	-1	0	0		0	DEFEND_HOMELAND	RETURN_HOME	Dragonlord	0	0	+warm-hearted+gentle	96		0	0	0	0	0	0
CH_SHERINAR	Sherinar	of Shadows	150	character		0	+height+obstacle+female	32773	59	100	NORTH	shield_44	head_151	0	-1	0	3	1440	1440	960	720	0	0	0	1024	128	128	REST	0	0	0	0	0	-1	0	0	0	-1	0	0	0	0	Eldrin	90	0	0	43690	Eldmark	Meranor	1080	120	1	0	-1	0	-1	-1	0	0		0	DEFEND_HOMELAND	RETURN_HOME	Eldrin	0	0	+passionate+polite	4227072	+headstrong	65536	0	0	0	0	0
CH_MIRITHEL	Mirithel	the Warm	151	character		0	+height+obstacle+female	32773	150	247	NORTH	shield_34	head_152	0	-1	0	3	1440	1440	960	720	0	0	0	1024	128	128	REST	0	0	0	0	0	-1	0	0	0	-1	0	0	0	0	Arakai	0	0	0	43690	The Last Northing	Orcar	1380	420	1	0	-1	0	-1	-1	0	0		0	DEFEND_HOMELAND	RETURN_HOME	Arakai	0	0	+warm-hearted+gentle	96		0	0	0	0	0	0
CH_KIRANDA	Kiranda	the Wild	152	character	+rescue	16	+height+obstacle+female	32773	145	220	NORTH	shield_43	head_153	0	-1	0	3	1440	1440	960	720	0	0	0	1024	128	128	REST	0	0	0	0	0	-1	0	0	0	-1	0	0	0	0	Arakai	0	0	0	43690	The Last Northing	Erefar	660	1140	1	0	-1	0	-1	-1	0	0		0	BE_A_HOSTAGE	RETURN_HOME	Arakai	0	0	+bold+eager+passionate	34824	+reckless+restless+headstrong+impatient	16843778	0	0	0	0	0
CH_GALAHAR	Galahar	the Calm	153	character		0	+height+obstacle	5	47	71	NORTH	shield_11	head_154	0	-1	0	3	1440	1440	960	720	0	0	0	1024	128	128	REST	0	0	0	0	0	-1	0	0	0	-1	0	0	0	0	Golden Fey	195	0	0	43690	Glimormir	Immiel	360	840	1	0	-1	0	-1	-1	0	0		0	DEFEND_HOMELAND	RETURN_HOME	Golden Fey	0	0	+selfless+kind+level-headed	33554452		0	0	0	0	0	0
CH_MORKIN	Morkin	Prince	154	character	+dead	4	+height+obstacle	5	145	220	NORTH	shield_32	head_58	0	-1	0	3	1440	1440	960	720	0	0	0	1024	128	128	REST	0	0	0	0	0	-1	0	0	0	0	0	0	0	0	Free	0	0	0	43690	Midnight	Corelay	660	1140	1	0	-1	0	-1	-1	0	0	+no_process	32	DEFEND_HOMELAND	RETURN_HOME		0	0	+bold+tireless+reliable+gallant	204808		0	0	0	0	0	0
